channel_name,channel_logos,channel_link,m3u8_link
8XM,http://ebravo.pk/classic/uploads/webtv//50ff8960ac4d9d22a190ebe93daef3a2.jpg,http://ebravo.pk/classic/webtv-163.html,http://58.65.194.14:1935/live/8XM-HD.stream/playlist.m3u8
92 News HD,http://ebravo.pk/classic/uploads/webtv//0b2ce7d8f8e23dc455fbc4e9711a2f26.jpg,http://ebravo.pk/classic/webtv-88.html,http://58.65.194.14:1935/live/92-news.stream/playlist.m3u8
A Plus,http://ebravo.pk/classic/uploads/webtv//4865e6bd1db6eeb26f1505b9a7179994.jpg,http://ebravo.pk/classic/webtv-238.html,http://58.65.194.14:1935/live/APlus.stream/playlist.m3u8
A Sports HD-1,http://ebravo.pk/classic/uploads/webtv//bc861c747227124312e4576b5967fd1e.jpg,http://ebravo.pk/classic/webtv-326.html,http://203.101.163.5:1935/live/Asport.stream/playlist.m3u8
A Sports HD-2,http://ebravo.pk/classic/uploads/webtv/Sports/6aaa82ac240afa74ba584c3d81df17df.jpg,http://ebravo.pk/classic/webtv-335.html,http://192.168.246.134:1935/live/Asport.stream/playlist.m3u8
A Sports HD-3,http://ebravo.pk/classic/uploads/webtv/Sports/53f7dbd120224fe14ebbbb0ee9b92fde.jpg,http://ebravo.pk/classic/webtv-336.html,http://192.168.246.102:1935/live/Asport.stream/playlist.m3u8
ABB Takk News,http://ebravo.pk/classic/uploads/webtv//67c1bd5254a8acdc4082b2bcc15a9aa3.jpg,http://ebravo.pk/classic/webtv-264.html,http://58.65.194.14:1935/live/ABB-Takk.stream/playlist.m3u8
AD Sports 2 HD ,http://ebravo.pk/classic/uploads/webtv//a415e45410b7b0a21e7ae65c1b359b1d.jpg,http://ebravo.pk/classic/webtv-268.html,http://58.65.194.14:1935/live/AD Sports 2 HD.stream/playlist.m3u8
AD Sports 3 HD,http://ebravo.pk/classic/uploads/webtv//b7f36f3aec9167a6195d9274ba12bcce.jpg,http://ebravo.pk/classic/webtv-298.html,http://58.65.194.14:1935/live/Fast and Funbox.stream/playlist.m3u8
AD Sports 4 HD ,http://ebravo.pk/classic/uploads/webtv//f366d39d0df3ab640c7624ffd3b6b7fa.jpg,http://ebravo.pk/classic/webtv-279.html,http://58.65.194.14:1935/live/Familymovieshd.stream/playlist.m3u8
AMC HD,http://ebravo.pk/classic/uploads/webtv//86b7e0c527755fa9bc625c78a9304e7f.jpg,http://ebravo.pk/classic/webtv-300.html,http://58.65.194.14:1935/live/OSN Series First HD.stream/playlist.m3u8
ARY  Zindagi,http://ebravo.pk/classic/uploads/webtv//8907d9b8bf77411163d9a513010de12f.jpg,http://ebravo.pk/classic/webtv-189.html,http://58.65.194.14:1935/live/ARY-Zindagi.stream/playlist.m3u8
ARY Digital,http://ebravo.pk/classic/uploads/webtv//1e8966341af358b57fc0b1a449012195.jpg,http://ebravo.pk/classic/webtv-80.html,http://58.65.194.14:1935/live/Ary-digital.stream/playlist.m3u8
ARY Musik,http://ebravo.pk/classic/uploads/webtv//fe26b5c19865345bb886a3eda2ea43df.jpg,http://ebravo.pk/classic/webtv-183.html,http://58.65.194.14:1935/live/ARY-Musik.stream/playlist.m3u8
ARY News,http://ebravo.pk/classic/uploads/webtv//262e0fe78b871e781ccb147d8d8e020e.jpg,http://ebravo.pk/classic/webtv-166.html,http://58.65.194.14:1935/live/Ary-news.stream/playlist.m3u8
ARY QTV,http://ebravo.pk/classic/uploads/webtv//1bec099903eb681c6918d8d6e72530d3.jpg,http://ebravo.pk/classic/webtv-231.html,http://58.65.194.14:1935/live/ARYQTV.stream/playlist.m3u8
ATV,http://ebravo.pk/classic/uploads/webtv//45e7dbb8dfbc274c84f255d1cdfb893c.jpg,http://ebravo.pk/classic/webtv-239.html,http://58.65.194.14:1935/live/ATV.stream/playlist.m3u8
AXN HD ,http://ebravo.pk/classic/uploads/webtv//54de0c8bbcd5937306f4a6a6ca547bc6.jpg,http://ebravo.pk/classic/webtv-307.html,http://58.65.194.14:1935/live/AXN.stream/playlist.m3u8
AXN Spin HD ,http://ebravo.pk/classic/uploads/webtv//e73b7396cac661950f169cfe3e2dbddb.jpg,http://ebravo.pk/classic/webtv-308.html,http://58.65.194.14:1935/live/AXNspinHD.stream/playlist.m3u8
Aaj Entertainment,http://ebravo.pk/classic/uploads/webtv//7aad5f38d49cf081146f0db0b4d23e4f.jpg,http://ebravo.pk/classic/webtv-207.html,http://58.65.194.14:1935/live/Aaj-Ent.stream/playlist.m3u8
Aaj News,http://ebravo.pk/classic/uploads/webtv//181117bc3f6fd71986f046bb0efad6e5.jpg,http://ebravo.pk/classic/webtv-240.html,http://58.65.194.14:1935/live/AajNews.stream/playlist.m3u8
Al Arabiya,http://ebravo.pk/classic/uploads/webtv//e118850e037680a228d33bcbf5e8ee37.jpg,http://ebravo.pk/classic/webtv-317.html,http://58.65.194.14:1935/live/Al Araybia.stream/playlist.m3u8
Al Jazeera News,http://ebravo.pk/classic/uploads/webtv//0cd0c02aadc2a6a31ec095ee40007fa4.jpg,http://ebravo.pk/classic/webtv-254.html,http://58.65.194.14:1935/live/AlJazeera.stream/playlist.m3u8
Al Quran-ul-Kareem,http://ebravo.pk/classic/uploads/webtv//e5400b96f12d6ceaa934bf4ba3fde4a4.jpg,http://ebravo.pk/classic/webtv-286.html,http://58.65.194.14:1935/live/Al-Quran-Al-Kareem.stream/playlist.m3u8
Al Sunnah HD,http://ebravo.pk/classic/uploads/webtv//2fd8f0d21daa4bae7d48a49d3a20e4f7.jpg,http://ebravo.pk/classic/webtv-319.html,http://58.65.194.14:1935/live/Al-Sunnah-HD.stream/playlist.m3u8
Apna Channel,http://ebravo.pk/classic/uploads/webtv//63347b5b7c863ad1aad3f0140e44a4c6.jpg,http://ebravo.pk/classic/webtv-289.html,http://58.65.194.14:1935/live/CBS-Reality.stream/playlist.m3u8
Arirang,http://ebravo.pk/classic/uploads/webtv//17c21f25266c92672320afc249012e82.jpg,http://ebravo.pk/classic/webtv-311.html,http://58.65.194.14:1935/live/Arirang.stream/playlist.m3u8
Arrahman Arraheem,http://ebravo.pk/classic/uploads/webtv//5df829d38bf775c66cc7787ee080b2d5.jpg,http://ebravo.pk/classic/webtv-113.html,http://58.65.194.14:1935/live/Arrehman-arreheem.stream/playlist.m3u8
BBC Brit HD,http://ebravo.pk/classic/uploads/webtv//42054aeddcaa81a50ca303ade595ed72.jpg,http://ebravo.pk/classic/webtv-316.html,http://58.65.194.14:1935/live/Crime-Investigation.stream/playlist.m3u8
BBC Earth HD ,http://ebravo.pk/classic/uploads/webtv//8cca76945519c651e13d753161ba3281.jpg,http://ebravo.pk/classic/webtv-292.html,http://58.65.194.14:1935/live/BBC Earth HD.stream/playlist.m3u8
BBC First HD,http://ebravo.pk/classic/uploads/webtv//8dcb6e619b3483feacbbe331c2ed01ad.jpg,http://ebravo.pk/classic/webtv-293.html,http://58.65.194.14:1935/live/bbcfirst.stream/playlist.m3u8
BBC World News,http://ebravo.pk/classic/uploads/webtv//2159e831486baf5187dc5a820a4641b0.jpg,http://ebravo.pk/classic/webtv-182.html,http://58.65.194.14:1935/live/BBC-world-news-HD.stream/playlist.m3u8
BOL Entertainment,http://ebravo.pk/classic/uploads/webtv//cc47f114ae91ffeb90dea1ee18fef118.jpg,http://ebravo.pk/classic/webtv-167.html,http://58.65.194.14:1935/live/BOL-Entertainment.stream/playlist.m3u8
Baby TV,http://ebravo.pk/classic/uploads/webtv//39c1a364ab17ca3daa7316a17aadd398.jpg,http://ebravo.pk/classic/webtv-276.html,http://58.65.194.14:1935/live/Baby-TV.stream/playlist.m3u8
Bein Sports 3 Max 1,http://ebravo.pk/classic/uploads/webtv//6a8253f06490dbc38e702fe7e8cd5d74.jpg,http://ebravo.pk/classic/webtv-272.html,http://192.168.246.102:1935/live/beinmax1.stream/playlist.m3u8
Bein Sports 3 Max 2,http://ebravo.pk/classic/uploads/webtv//f68b22ceffcbc2c193b166e93f194916.jpg,http://ebravo.pk/classic/webtv-339.html,http://192.168.246.134:1935/live/beinmax1.stream/playlist.m3u8
Bein Sports 3 Max 3,http://ebravo.pk/classic/uploads/webtv//be23ea54361998f87d775d82d5c0f48c.jpg,http://ebravo.pk/classic/webtv-340.html,http://203.101.163.5:1935/live/beinmax1.stream/playlist.m3u8
Bein Sports 4 MAX 1,http://ebravo.pk/classic/uploads/webtv//3824ef6c22f74b4f366b945620ea5053.jpg,http://ebravo.pk/classic/webtv-256.html,http://192.168.246.102:1935/live/beinmax2.stream/playlist.m3u8
Bein Sports 4 MAX 2,http://ebravo.pk/classic/uploads/webtv//05252ac8cd4808541e8d1c9971b4884f.jpg,http://ebravo.pk/classic/webtv-337.html,http://192.168.246.134:1935/live/beinmax2.stream/playlist.m3u8
Bein Sports 4 MAX 3,http://ebravo.pk/classic/uploads/webtv//55983bfcf37aa7b562f0abe03f8cdd7b.jpg,http://ebravo.pk/classic/webtv-338.html,http://203.101.163.5:1935/live/beinmax2.stream/playlist.m3u8
Bein Sports HD ,http://ebravo.pk/classic/uploads/webtv//2803c513f09410485c0a7e96f7311b0a.jpg,http://ebravo.pk/classic/webtv-271.html,http://58.65.194.14:1935/live/bein_sports.stream/playlist.m3u8
Bein Sports HD ,http://ebravo.pk/classic/uploads/webtv//e2a96a6a61d69fa3c1e905ff2da46907.jpg,http://ebravo.pk/classic/webtv-274.html,http://58.65.194.14:1935/live/ZooMooHD.stream/playlist.m3u8
Bein Sports HD 1,http://ebravo.pk/classic/uploads/webtv//b707bf7550dfe89e5ab2b83b7395e008.jpg,http://ebravo.pk/classic/webtv-257.html,http://58.65.194.14:1935/live/trace sports HD.stream/playlist.m3u8
Bein Sports HD 3,http://ebravo.pk/classic/uploads/webtv//39e30636d09d060c48f2eb6d6a108140.jpg,http://ebravo.pk/classic/webtv-290.html,http://58.65.194.14:1935/live/bein-sports-13.stream/playlist.m3u8
Bloomberg,http://ebravo.pk/classic/uploads/webtv//f91ce73de4c124dc1431b8a700a930e5.jpg,http://ebravo.pk/classic/webtv-320.html,http://58.65.194.14:1935/live/Bloomberg.stream/playlist.m3u8
Bol News HD,http://ebravo.pk/classic/uploads/webtv//52a139aaa1fb26438b907bb47a603c29.jpg,http://ebravo.pk/classic/webtv-159.html,http://58.65.194.14:1935/live/BOL-TV.stream/playlist.m3u8
Bravo Family,http://ebravo.pk/classic/uploads/webtv//816126bc790c96a956713baa229915ed.jpg,http://ebravo.pk/classic/webtv-104.html,http://58.65.194.14:1935/live/Bravo-Family.stream/playlist.m3u8
Bravo Islamic,http://ebravo.pk/classic/uploads/webtv//2159d3cb377d300908bcb8af219d13a6.jpg,http://ebravo.pk/classic/webtv-222.html,http://58.65.194.14:1935/live/Bravo1.stream/playlist.m3u8
Bravo Naya,http://ebravo.pk/classic/uploads/webtv//b3e23d7c30baa3ecd64a5caa6d752a2c.jpg,http://ebravo.pk/classic/webtv-221.html,http://58.65.194.14:1935/live/Bravo4.stream/playlist.m3u8
Bravo Now,http://ebravo.pk/classic/uploads/webtv//d577d94287bb0574b81ebd06be4dc531.jpg,http://ebravo.pk/classic/webtv-77.html,http://58.65.194.14:1935/live/Bravo-now.stream/playlist.m3u8
Bravo Sub Rung,http://ebravo.pk/classic/uploads/webtv//3456d479d89cc84b5e97d7c1fdb1ed2e.jpg,http://ebravo.pk/classic/webtv-146.html,http://58.65.194.14:1935/live/Bravo_sub_rung.stream/playlist.m3u8
CBS Europa ,http://ebravo.pk/classic/uploads/webtv//8b106d36900079026478e2442a6ca2a0.jpg,http://ebravo.pk/classic/webtv-288.html,http://58.65.194.14:1935/live/cbseuropa.stream/playlist.m3u8
CBS Reality,http://ebravo.pk/classic/uploads/webtv//9ff7851f06471e00b38aa47e9904da4f.jpg,http://ebravo.pk/classic/webtv-175.html,http://58.65.194.14:1935/live/Oxygene-TV.stream/playlist.m3u8
CGTN,http://ebravo.pk/classic/uploads/webtv//45dee7a8ccd9ec22cdca437df98c96fa.jpg,http://ebravo.pk/classic/webtv-321.html,http://58.65.194.14:1935/live/CGTN.stream/playlist.m3u8
CNBC HD,http://ebravo.pk/classic/uploads/webtv//bc954be9e7e370b1a0c3f1ded7973b3c.jpg,http://ebravo.pk/classic/webtv-295.html,http://58.65.194.14:1935/live/Planet Earth HD.stream/playlist.m3u8
CNN,http://ebravo.pk/classic/uploads/webtv//2115075b9324580b1c73e98876c63502.jpg,http://ebravo.pk/classic/webtv-65.html,http://58.65.194.14:1935/live/CNN.stream/playlist.m3u8
Capital News,http://ebravo.pk/classic/uploads/webtv//85b94c6e06f45afec3934315f7f2afe6.jpg,http://ebravo.pk/classic/webtv-265.html,http://58.65.194.14:1935/live/CapitalTV.stream/playlist.m3u8
Cartoon Network,http://ebravo.pk/classic/uploads/webtv//7a5094d7cba0c8bb3f26ee7ac35af3b1.jpg,http://ebravo.pk/classic/webtv-158.html,http://58.65.194.14:1935/live/Cartoon-network.stream/playlist.m3u8
Channel 24 HD News,http://ebravo.pk/classic/uploads/webtv//92dc8d7cc1af89aae166a195740942a9.jpg,http://ebravo.pk/classic/webtv-330.html,http://58.65.194.14:1935/live/Channel24.stream/playlist.m3u8
Channel News Asia,http://ebravo.pk/classic/uploads/webtv//61b96301e4c2f0871baf7f02bb36828f.jpg,http://ebravo.pk/classic/webtv-322.html,http://58.65.194.14:1935/live/ChannelNewsAsia.stream/playlist.m3u8
Comedy Central Family HD ,http://ebravo.pk/classic/uploads/webtv//41f389ea6047d46b2f6539ba3f39d465.jpg,http://ebravo.pk/classic/webtv-284.html,http://58.65.194.14:1935/live/Comedy-Central-Family-HD.stream/playlist.m3u8
Comedy Central HD ,http://ebravo.pk/classic/uploads/webtv//79ebbd42e0e9aab874120163fec6deeb.jpg,http://ebravo.pk/classic/webtv-285.html,http://58.65.194.14:1935/live/Comedy-Central-HD.stream/playlist.m3u8
DTX HD ,http://ebravo.pk/classic/uploads/webtv//d93aacf74b21dba0c0b756c78cf69cf1.jpg,http://ebravo.pk/classic/webtv-291.html,http://58.65.194.14:1935/live/DTXHD.stream/playlist.m3u8
DW News,http://ebravo.pk/classic/uploads/webtv//0ab7a1833dd0a9a7f483cf82e23a4336.jpg,http://ebravo.pk/classic/webtv-174.html,http://58.65.194.14:1935/live/DW-News.stream/playlist.m3u8
Dawn News,http://ebravo.pk/classic/uploads/webtv//1f6600e6c0c25896b46592c308d7ff1a.jpg,http://ebravo.pk/classic/webtv-161.html,http://58.65.194.14:1935/live/Dawn-News-480p.stream/playlist.m3u8
Discovery ID HD ,http://ebravo.pk/classic/uploads/webtv//cc621e80009782bd4e1e5f1dd6ecb33c.jpg,http://ebravo.pk/classic/webtv-313.html,http://58.65.194.14:1935/live/Discovery-ID-HD.stream/playlist.m3u8
Discovery Science HD ,http://ebravo.pk/classic/uploads/webtv//70358afa69ea9ba00f3be428bbb7ef58.jpg,http://ebravo.pk/classic/webtv-314.html,http://58.65.194.14:1935/live/Discovery-Science-HD.stream/playlist.m3u8
Disney Junior HD,http://ebravo.pk/classic/uploads/webtv//e2ebaf4761e20205b962bbfeb5419f3e.jpg,http://ebravo.pk/classic/webtv-275.html,http://58.65.194.14:1935/live/disney junior hd.stream/playlist.m3u8
Dubai One HD ,http://ebravo.pk/classic/uploads/webtv//d66a30fb81cddc0ac285ff7a232507a0.jpg,http://ebravo.pk/classic/webtv-280.html,http://58.65.194.14:1935/live/Firemovie.stream/playlist.m3u8
Dunya News,http://ebravo.pk/classic/uploads/webtv//a16c6b3f6e98b23a30aa4bc9f0e52a80.jpg,http://ebravo.pk/classic/webtv-236.html,http://58.65.194.14:1935/live/DunyaNews.stream/playlist.m3u8
Euro News ,http://ebravo.pk/classic/uploads/webtv//9b2c6120a964f63488eea74a02fb2b54.jpg,http://ebravo.pk/classic/webtv-190.html,http://58.65.194.14:1935/live/Euro-news.stream/playlist.m3u8
Euro Sports 1 HD,http://ebravo.pk/classic/uploads/webtv//729aa71ec754746f4dc55dda67be375a.jpg,http://ebravo.pk/classic/webtv-266.html,http://58.65.194.14:1935/live/Euro-sport-1-HD.stream/playlist.m3u8
Euro Sports 2 HD,http://ebravo.pk/classic/uploads/webtv//618b7da46f9e62a8037144267e0f2a59.jpg,http://ebravo.pk/classic/webtv-267.html,http://58.65.194.14:1935/live/Eurosport-2-HD.stream/playlist.m3u8
Express Entertainment,http://ebravo.pk/classic/uploads/webtv//35831678e9acb98267ad57f7fcab55b1.jpg,http://ebravo.pk/classic/webtv-74.html,http://58.65.194.14:1935/live/Express-entertainment.stream/playlist.m3u8
Express News,http://ebravo.pk/classic/uploads/webtv//f7874909e41fc3b1c681729d2ebeff7e.jpg,http://ebravo.pk/classic/webtv-73.html,http://58.65.194.14:1935/live/express.stream/playlist.m3u8
Extreme Sports HD,http://ebravo.pk/classic/uploads/webtv//032170bdc41dfd940492ccadb4730b02.jpg,http://ebravo.pk/classic/webtv-269.html,http://58.65.194.14:1935/live/Extreme Sports HD.stream/playlist.m3u8
Film World,http://ebravo.pk/classic/uploads/webtv//dd39e8800ab77d9603c014dff41c9497.jpg,http://ebravo.pk/classic/webtv-281.html,http://58.65.194.14:1935/live/Filmworld.stream/playlist.m3u8
Fox Comedy,http://ebravo.pk/classic/uploads/webtv//2e078704a24427569982903907328abf.jpg,http://ebravo.pk/classic/webtv-282.html,http://58.65.194.14:1935/live/Fox-Comedy-HD.stream/playlist.m3u8
Fox HD,http://ebravo.pk/classic/uploads/webtv//548cd6c799c85e1fbd9d4e28380b57ab.jpg,http://ebravo.pk/classic/webtv-283.html,http://58.65.194.14:1935/live/FOX-HD.stream/playlist.m3u8
Fox Life,http://ebravo.pk/classic/uploads/webtv//48f2c249f002e35a2eed0c6881d4621c.jpg,http://ebravo.pk/classic/webtv-315.html,http://58.65.194.14:1935/live/History HD.stream/playlist.m3u8
France 24 News HD,http://ebravo.pk/classic/uploads/webtv//a100fc2e946787ea829567482e16ad29.jpg,http://ebravo.pk/classic/webtv-206.html,http://58.65.194.14:1935/live/France24.stream/playlist.m3u8
GEM Onyx HD,http://ebravo.pk/classic/uploads/webtv//cd22b4d6ef5643e1334d4cbf7f1bd0d2.jpg,http://ebravo.pk/classic/webtv-312.html,http://58.65.194.14:1935/live/Fashion-tv.stream/playlist.m3u8
GNN News HD,http://ebravo.pk/classic/uploads/webtv//79c77e27a2d5279d0c869c330f7292fd.jpg,http://ebravo.pk/classic/webtv-177.html,http://58.65.194.14:1935/live/GNN-HD.stream/playlist.m3u8
Geo Entertainment,http://ebravo.pk/classic/uploads/webtv//6abc868f2a8cf59012fb3c98dc015cb0.jpg,http://ebravo.pk/classic/webtv-89.html,http://58.65.194.14:1935/live/Geo-entertainment.stream/playlist.m3u8
Geo Kahani,http://ebravo.pk/classic/uploads/webtv//cf846ba806007d583a4505309486579b.jpg,http://ebravo.pk/classic/webtv-209.html,http://58.65.194.14:1935/live/Geo Khani.stream/playlist.m3u8
Geo News,http://ebravo.pk/classic/uploads/webtv//dcd24efe923283eb5dd272617716cf49.jpg,http://ebravo.pk/classic/webtv-79.html,http://58.65.194.14:1935/live/Geo-news.stream/playlist.m3u8
Geo Super,http://ebravo.pk/classic/uploads/webtv//484b3c497175d8ef363aa7affec034b6.jpg,http://ebravo.pk/classic/webtv-97.html,http://58.65.194.14:1935/live/Geo-super.stream/playlist.m3u8
HBO,http://ebravo.pk/classic/uploads/webtv//8b657ef59fb77825a6a1175bde774143.jpg,http://ebravo.pk/classic/webtv-258.html,http://58.65.194.14:1935/live/AD Sports 2 HD.stream/playlist.m3u8
HBO 2 HD,http://ebravo.pk/classic/uploads/webtv//359ebf2483cf2b22dab7e8ea5f4eb4ac.jpg,http://ebravo.pk/classic/webtv-259.html,http://58.65.194.14:1935/live/HBO-2-HD.stream/playlist.m3u8
HBO HD,http://ebravo.pk/classic/uploads/webtv//f0f7d290d2983a8cbd0c5e535e695175.jpg,http://ebravo.pk/classic/webtv-261.html,http://58.65.194.14:1935/live/MotorvisionHD.stream/playlist.m3u8
Hadi TV,http://ebravo.pk/classic/uploads/webtv//374cccb96acc9328d2fb27a5fc67807f.jpg,http://ebravo.pk/classic/webtv-328.html,http://58.65.194.14:1935/live/Hadi-TV.stream/playlist.m3u8
History Channel HD,http://ebravo.pk/classic/uploads/webtv//533274397eee8ca48fa7057dc2a5b3cf.jpg,http://ebravo.pk/classic/webtv-270.html,http://58.65.194.14:1935/live/MTV-Live-HD.stream/playlist.m3u8
Hum Masala,http://ebravo.pk/classic/uploads/webtv//ebce9e716e6393ecec25427f2612b81c.jpg,http://ebravo.pk/classic/webtv-93.html,http://58.65.194.14:1935/live/Hum-masala.stream/playlist.m3u8
Hum News HD,http://ebravo.pk/classic/uploads/webtv//95574a94609c368b499939f796309c1e.jpg,http://ebravo.pk/classic/webtv-173.html,http://58.65.194.14:1935/live/HUM-News.stream/playlist.m3u8
Hum Sitaray,http://ebravo.pk/classic/uploads/webtv//79bbc7c44503596540ccc9bb746ee0b9.jpg,http://ebravo.pk/classic/webtv-210.html,http://58.65.194.14:1935/live/Hum-sitaray.stream/playlist.m3u8
Hum TV HD,http://ebravo.pk/classic/uploads/webtv//f6c50a1433cafb6e28c28ddf28191024.jpg,http://ebravo.pk/classic/webtv-69.html,http://58.65.194.14:1935/live/Hum-tv.stream/playlist.m3u8
Jalwa,http://ebravo.pk/classic/uploads/webtv//81825de9d1c697d357a2e5893f327287.jpg,http://ebravo.pk/classic/webtv-218.html,http://58.65.194.14:1935/live/jalwa.stream/playlist.m3u8
Karbala TV,http://ebravo.pk/classic/uploads/webtv//c0f3086cb2f2be3398b2a6a758e6edb9.jpg,http://ebravo.pk/classic/webtv-329.html,http://58.65.194.14:1935/live/Karbala-TV.stream/playlist.m3u8
Lahore News HD ,http://ebravo.pk/classic/uploads/webtv//41c1e42293a79587bf07a143299de0f8.jpg,http://ebravo.pk/classic/webtv-306.html,http://58.65.194.14:1935/live/myCinemaHD.stream/playlist.m3u8
MBC 2 HD,http://ebravo.pk/classic/uploads/webtv//1593e34d6ace9f1e8565dd1f1d7e08c4.jpg,http://ebravo.pk/classic/webtv-303.html,http://58.65.194.14:1935/live/MBC2HD.stream/playlist.m3u8
MBC 4 HD,http://ebravo.pk/classic/uploads/webtv//0844aad39eb62bed2e27c69a772d3595.jpg,http://ebravo.pk/classic/webtv-302.html,http://58.65.194.14:1935/live/MBC-4.stream/playlist.m3u8
MBC Action HD ,http://ebravo.pk/classic/uploads/webtv//bfc03646f76a46dc87bbe51d8545d316.jpg,http://ebravo.pk/classic/webtv-304.html,http://58.65.194.14:1935/live/MBC-Action-HD.stream/playlist.m3u8
MBC Max ,http://ebravo.pk/classic/uploads/webtv//cf918d71161d98085ac604c43c37b486.jpg,http://ebravo.pk/classic/webtv-305.html,http://58.65.194.14:1935/live/MBCMax.stream/playlist.m3u8
MTV OOS,http://ebravo.pk/classic/uploads/webtv//9e4ec38b77b05d1896abf177fbfe9136.jpg,http://ebravo.pk/classic/webtv-299.html,http://58.65.194.14:1935/live/VH1.stream/playlist.m3u8
Madani Channel,http://ebravo.pk/classic/uploads/webtv//aefff838777996bccf7fc1b655a6c5a4.jpg,http://ebravo.pk/classic/webtv-224.html,http://58.65.194.14:1935/live/Madani-Channel.stream/playlist.m3u8
NAT Geo People HD,http://ebravo.pk/classic/uploads/webtv//047de1a77fe917fda4685a30e7741a05.jpg,http://ebravo.pk/classic/webtv-262.html,http://58.65.194.14:1935/live/NatGeoPeopleHD.stream/playlist.m3u8
NAT Geo Wild HD,http://ebravo.pk/classic/uploads/webtv//459d3a2a087398e11087728705145d1d.jpg,http://ebravo.pk/classic/webtv-263.html,http://58.65.194.14:1935/live/Nat-Geo-Wild-HD.stream/playlist.m3u8
NBC Golf HD,http://ebravo.pk/classic/uploads/webtv//c462328d1c536d2b13acc9d204457e03.jpg,http://ebravo.pk/classic/webtv-309.html,http://58.65.194.14:1935/live/AMCHD.stream/playlist.m3u8
NHK World HD,http://ebravo.pk/classic/uploads/webtv//e6b52971fdb50e6651944a2bf2f4633c.jpg,http://ebravo.pk/classic/webtv-301.html,http://58.65.194.14:1935/live/NHKWorldHD.stream/playlist.m3u8
National Geographic,http://ebravo.pk/classic/uploads/webtv//966ca3107f8340e897f7e08a254005e3.jpg,http://ebravo.pk/classic/webtv-255.html,http://58.65.194.14:1935/live/National-Geographic-HD.stream/playlist.m3u8
Neo News HD,http://ebravo.pk/classic/uploads/webtv//8942edde821c3ebb7e2e38fcc3aa7a35.jpg,http://ebravo.pk/classic/webtv-230.html,http://58.65.194.14:1935/live/NeoNewsHD.stream/playlist.m3u8
News One,http://ebravo.pk/classic/uploads/webtv//e7f027fa228d21ddbaa23e93f0ca7892.jpg,http://ebravo.pk/classic/webtv-154.html,http://58.65.194.14:1935/live/News-One.stream/playlist.m3u8
Nick Jr .,http://ebravo.pk/classic/uploads/webtv//f7736e3e1c5822be079581e28289b2d8.jpg,http://ebravo.pk/classic/webtv-277.html,http://58.65.194.14:1935/live/NickJr.stream/playlist.m3u8
Nick Music,http://ebravo.pk/classic/uploads/webtv//0b6a8389c2b879325ad60cd4fbac6e79.jpg,http://ebravo.pk/classic/webtv-273.html,http://58.65.194.14:1935/live/TraceUrban.stream/playlist.m3u8
Nickelodeon,http://ebravo.pk/classic/uploads/webtv//aae546cea45c9c12e0d2057c47f0a21c.jpg,http://ebravo.pk/classic/webtv-184.html,http://58.65.194.14:1935/live/Nickelodeon.stream/playlist.m3u8
OSN Movies HD,http://ebravo.pk/classic/uploads/webtv//b7cadfe12fb5d1bea781cf29a8838c77.jpg,http://ebravo.pk/classic/webtv-260.html,http://58.65.194.14:1935/live/HBO-3-HD.stream/playlist.m3u8
PLAY Entertainment,http://ebravo.pk/classic/uploads/webtv//1d67cd00725a07076e4089c3f1a31c72.jpg,http://ebravo.pk/classic/webtv-171.html,http://58.65.194.14:1935/live/Play-Entertainment.stream/playlist.m3u8
PNN News HD,http://ebravo.pk/classic/uploads/webtv//0daad3bf67df96e75b0a970352b074f3.jpg,http://ebravo.pk/classic/webtv-294.html,http://58.65.194.14:1935/live/13 Ulica HD.stream/playlist.m3u8
PTV Home,http://ebravo.pk/classic/uploads/webtv//b72bd40ae31ca026be745f732251b06c.jpg,http://ebravo.pk/classic/webtv-192.html,http://58.65.194.14:1935/live/PTV-Home.stream/playlist.m3u8
PTV National,http://ebravo.pk/classic/uploads/webtv//60e2e3f306a5dad2bf45aa9b550264a7.jpg,http://ebravo.pk/classic/webtv-228.html,http://58.65.194.14:1935/live/PTV-National.stream/playlist.m3u8
PTV News HD,http://ebravo.pk/classic/uploads/webtv//b03f02bf5fa6137a2804a4191c9cc0b3.jpg,http://ebravo.pk/classic/webtv-186.html,http://58.65.194.14:1935/live/PTV-News.stream/playlist.m3u8
PTV Sports-1,http://ebravo.pk/classic/uploads/webtv//aec04f973aa2e55cab6217a35417150a.jpg,http://ebravo.pk/classic/webtv-100.html,http://203.101.163.5:1935/live/PTV-Sports.stream/playlist.m3u8
PTV Sports-2,http://ebravo.pk/classic/uploads/webtv/Sports/2ae0dd5bb98bfdb22933289cd16962aa.jpg,http://ebravo.pk/classic/webtv-331.html,http://192.168.246.102:1935/live/PTV-Sports.stream/playlist.m3u8
PTV Sports-3,http://ebravo.pk/classic/uploads/webtv/Sports/6e5468c9399a0a84513d09bcfe5ccb96.jpg,http://ebravo.pk/classic/webtv-332.html,http://192.168.246.134:1935/live/PTV-Sports.stream/playlist.m3u8
Peace TV English,http://ebravo.pk/classic/uploads/webtv//1877781a2f0d35e6560a9e172bfd2082.jpg,http://ebravo.pk/classic/webtv-278.html,http://58.65.194.14:1935/live/peace_tv.stream/playlist.m3u8
Samaa News,http://ebravo.pk/classic/uploads/webtv//db626388ffadd86232b3f126593e4935.jpg,http://ebravo.pk/classic/webtv-78.html,http://58.65.194.14:1935/live/Samaa.stream/playlist.m3u8
SciFi HD ,http://ebravo.pk/classic/uploads/webtv//3d36ae6c8acf22fd3b4dca01f85560fc.jpg,http://ebravo.pk/classic/webtv-296.html,http://58.65.194.14:1935/live/ScifiUniversal.stream/playlist.m3u8
Sindh TV ,http://ebravo.pk/classic/uploads/webtv//1b7ad2744e833cc29d2c29fdc8c2870c.jpg,http://ebravo.pk/classic/webtv-324.html,http://58.65.194.14:1935/live/Sindh-TV.stream/playlist.m3u8
Sindh TV News,http://ebravo.pk/classic/uploads/webtv//6315964f181b9b2957d042a40a8bc2c9.jpg,http://ebravo.pk/classic/webtv-323.html,http://58.65.194.14:1935/live/Sindh-TV-News.stream/playlist.m3u8
Start Sports HD 1,http://ebravo.pk/classic/uploads/webtv/Sports/97495ac077d4d58c043c0c55f87d0d47.jpg,http://ebravo.pk/classic/webtv-341.html,http://192.168.246.134:1935/live/Star-Sports-HD-1.stream/playlist.m3u8
Such News HD,http://ebravo.pk/classic/uploads/webtv//0b7119f394a319278f89157e1b3f25b1.jpg,http://ebravo.pk/classic/webtv-178.html,http://58.65.194.14:1935/live/SuchTV.stream/playlist.m3u8
TRT World HD,http://ebravo.pk/classic/uploads/webtv//385c16d9b280c9a27eed0e8fd8dfe8fe.jpg,http://ebravo.pk/classic/webtv-297.html,http://58.65.194.14:1935/live/TRTWorldHD.stream/playlist.m3u8
TV One,http://ebravo.pk/classic/uploads/webtv//4e10d97d0aeefe626cf7ce521c954b92.jpg,http://ebravo.pk/classic/webtv-187.html,http://58.65.194.14:1935/live/TV-One.stream/playlist.m3u8
Ten Sports-1,http://ebravo.pk/classic/uploads/webtv//6a0539b834b6dabf4a3e56b8e842b0f4.jpg,http://ebravo.pk/classic/webtv-162.html,http://203.101.163.5:1935/live/Tensports.stream/playlist.m3u8
Ten Sports-2,http://ebravo.pk/classic/uploads/webtv/Sports/cf833372e2f49a7f705af27e74267950.jpg,http://ebravo.pk/classic/webtv-334.html,http://192.168.246.102:1935/live/tensports.stream/playlist.m3u8
Ten Sports-3,http://ebravo.pk/classic/uploads/webtv/Sports/bb3299d74cfcb003b14eb5740487493c.jpg,http://ebravo.pk/classic/webtv-333.html,http://192.168.246.134:1935/live/tensports.stream/playlist.m3u8
Travel Channel HD ,http://ebravo.pk/classic/uploads/webtv//8362014ff7d8a1d7dadf79567b74e07a.jpg,http://ebravo.pk/classic/webtv-318.html,http://58.65.194.14:1935/live/Travel-Channel-HD.stream/playlist.m3u8
Urdu 1,http://ebravo.pk/classic/uploads/webtv//2a000030f8205c960fa11d5c96085b05.jpg,http://ebravo.pk/classic/webtv-67.html,http://58.65.194.14:1935/live/Urdu-1.stream/playlist.m3u8
WB TV HD ,http://ebravo.pk/classic/uploads/webtv//c6455cbb61bf39c4b02aafc113945ec8.jpg,http://ebravo.pk/classic/webtv-310.html,http://58.65.194.14:1935/live/tnt.stream/playlist.m3u8
minikaGO,http://ebravo.pk/classic/uploads/webtv//cea49c9f7cd0f0477e3d218e174d8419.jpg,http://ebravo.pk/classic/webtv-287.html,http://58.65.194.14:1935/live/minika.stream/playlist.m3u8
